City_ID,City,Lat,Lng,Max Temp,Humidity,Cloudiness,Wind Speed,Country,Date
0,shizunai-furukawacho,42.3339,142.3669,0.65,65,100,14.44,JP,1738809928
1,sangmelima,2.9333,11.9833,20.34,98,98,1.68,CM,1738809929
2,amahai,-3.3333,128.9167,29.73,63,90,0.77,ID,1738809930
3,buckeye,33.3703,-112.5838,20.82,33,0,0.0,US,1738809931
4,waitangi,-43.9535,-176.5597,16.01,75,39,2.68,NZ,1738809932
5,arraial do cabo,-22.9661,-42.0278,23.98,94,0,6.17,BR,1738809933
6,newman,37.3138,-121.0208,8.92,68,0,1.61,US,1738809934
7,kambove,-10.8764,26.5969,16.79,99,100,1.24,CD,1738809935
8,iqaluit,63.7506,-68.5145,-31.15,69,40,2.06,CA,1738809937
9,bredasdorp,-34.5322,20.0403,17.69,52,100,2.25,ZA,1738809938
10,port-aux-francais,-49.35,70.2167,7.3,95,95,10.02,TF,1738809939
11,edinburgh of the seven seas,-37.0676,-12.3116,18.99,93,83,11.81,SH,1738809940
12,lata,40.1629,-8.3327,4.55,79,76,1.58,PT,1738809941
13,blackmans bay,-43.0167,147.3167,24.18,47,92,3.58,AU,1738809942
14,margaret river,-33.95,115.0667,26.14,48,0,7.35,AU,1738809944
15,nikolayevsk-on-amure,53.1406,140.73,-3.31,95,100,6.98,RU,1738809945
16,zhigalovo,54.8097,105.1578,-31.64,94,100,0.63,RU,1738809946
17,lazaro cardenas,17.9583,-102.2,24.53,77,0,1.41,MX,1738809723
18,happy valley-goose bay,53.3168,-60.3315,-18.83,60,20,5.14,CA,1738809696
19,qaqortoq,60.7167,-46.0333,-22.94,73,10,3.86,GL,1738809950
20,nelson bay,-32.7167,152.15,28.94,76,10,1.34,AU,1738809951
21,petropavlovsk-kamchatsky,53.0452,158.6483,-0.67,47,20,4.0,RU,1738809952
22,dubovka,49.0583,44.829,-3.04,70,52,6.72,RU,1738809953
23,chonchi,-42.6128,-73.8092,13.4,90,95,2.17,CL,1738809954
24,igarka,67.4667,86.5833,-20.07,99,99,2.02,RU,1738809955
25,vilyuchinsk,52.9306,158.4028,0.15,73,100,2.53,RU,1738809956
26,adamstown,-25.066,-130.1015,25.27,78,17,5.15,PN,1738809957
27,maracas,-13.4411,-40.4308,17.0,93,0,2.86,BR,1738809958
28,gobabis,-22.45,18.9667,19.78,71,37,5.06,NA,1738809960
29,willowmore,-33.2926,23.4895,16.0,74,100,3.82,ZA,1738809961
30,longyearbyen,78.2186,15.6401,0.91,69,100,6.69,SJ,1738809962
31,kuala belait,4.5833,114.1833,24.8,92,100,1.31,BN,1738809963
32,howrah,22.5892,88.3103,23.0,73,5,3.6,IN,1738809708
33,afaahiti,-17.75,-149.2833,26.37,77,78,5.96,PF,1738809965
34,ushtobe,45.2514,77.9838,-14.04,89,87,1.7,KZ,1738809966
35,nova vicosa,-17.8919,-39.3719,24.44,89,100,2.36,BR,1738809967
36,kushiro,42.975,144.3747,2.53,60,75,3.09,JP,1738809968
37,paraiso,9.8383,-83.8656,19.72,82,100,2.93,CR,1738809891
38,wailua homesteads,22.0669,-159.378,22.44,85,100,3.6,US,1738809689
39,miranda,3.2499,-76.2281,19.83,92,100,1.96,CO,1738809972
40,bilibino,68.0546,166.4372,-40.44,95,8,0.48,RU,1738809973
41,bethel,41.3712,-73.414,-4.1,59,0,0.45,US,1738809974
42,prado,-17.3411,-39.2208,25.02,86,99,3.2,BR,1738809824
43,college,64.8569,-147.8028,-8.8,80,100,0.0,US,1738809978
44,port isabel,26.0734,-97.2086,22.24,90,0,6.17,US,1738809979
45,albany,42.6001,-73.9662,-9.25,73,99,0.67,US,1738809980
46,sinabang,2.4803,96.3801,28.67,73,81,1.84,ID,1738809921
47,arkhangel'sk,64.5401,40.5433,-5.94,86,20,5.0,RU,1738809882
48,kuala tungkal,-0.8167,103.4667,27.89,71,50,4.19,ID,1738809984
49,burang,30.25,81.1667,-14.21,40,0,3.08,CN,1738809985
50,remire-montjoly,4.9167,-52.2667,25.02,94,75,2.57,GF,1738809826
51,isafjordur,66.0755,-23.124,0.88,83,100,19.84,IS,1738809987
52,avarua,-21.2078,-159.775,29.03,79,100,3.09,CK,1738809989
53,iskateley,67.6803,53.1512,-8.35,90,100,8.25,RU,1738809990
54,puerto ayora,-0.7393,-90.3518,24.75,98,6,0.45,EC,1738809991
55,hawaiian paradise park,19.5933,-154.9731,23.26,78,100,4.12,US,1738809992
56,tanout,14.9709,8.8879,17.87,10,2,5.02,NE,1738809993
57,ola,59.5833,151.2833,-16.23,73,0,2.95,RU,1738809994
58,sisimiut,66.9395,-53.6735,-22.06,92,100,1.66,GL,1738809995
59,puerto rico,-26.796,-55.024,26.84,66,21,1.79,AR,1738809825
60,invercargill,-46.4,168.35,16.12,68,100,3.13,NZ,1738809997
61,grytviken,-54.2811,-36.5092,2.07,92,78,3.8,GS,1738809998
62,lompoc,34.6391,-120.4579,13.85,89,100,1.54,US,1738809999
63,punta arenas,-53.15,-70.9167,10.06,81,100,3.6,CL,1738809780
64,krosno,49.6887,21.7706,0.35,93,9,2.34,PL,1738810002
65,chinde,26.8212,87.7095,20.73,48,0,1.05,NP,1738810003
66,ushuaia,-54.8,-68.3,9.81,62,0,1.54,AR,1738809938
67,kalemie,-5.9475,29.1947,21.51,83,100,1.81,CD,1738810005
68,saint-pierre,-21.3393,55.4781,26.82,78,75,2.57,RE,1738809766
69,glabbeek,50.8736,4.9421,3.37,99,100,1.54,BE,1738810007
70,ilulissat,69.2167,-51.1,-23.99,58,75,6.17,GL,1738810008
71,san jose del guaviare,2.5729,-72.6459,24.84,67,94,1.55,CO,1738810009
72,udachny,66.4167,112.4,-20.03,98,100,2.02,RU,1738810010
73,puerto natales,-51.7236,-72.4875,7.69,95,100,1.12,CL,1738809899
74,galliano,29.4422,-90.2992,22.0,88,75,2.57,US,1738810013
75,wladyslawowo,54.7909,18.4009,4.41,91,68,3.93,PL,1738810014
76,ad darb,17.7229,42.2526,23.41,73,0,2.28,SA,1738810015
77,conduaga,8.862,117.4893,29.47,64,78,2.57,PH,1738810016
78,tabou,4.423,-7.3528,25.94,87,2,2.44,CI,1738810017
79,nar'yan-mar,67.6713,53.087,-8.27,90,100,8.27,RU,1738810018
80,sao geraldo do araguaia,-6.4006,-48.555,23.66,90,96,0.93,BR,1738810019
81,ko pha ngan,9.7578,100.0291,26.38,79,93,3.3,TH,1738810020
82,susuman,62.7833,148.1667,-34.99,90,59,0.68,RU,1738810022
83,al karamah,31.9522,35.5792,14.93,58,100,8.58,JO,1738810023
84,santana,-0.0583,-51.1817,27.1,89,20,1.54,BR,1738810024
85,mount pearl,47.5166,-52.7813,-10.93,72,75,10.29,CA,1738809992
86,yellowknife,62.456,-114.3525,-8.02,73,100,7.15,CA,1738810026
87,la passe,45.5549,-0.8967,5.27,90,55,5.63,FR,1738810027
88,vyazemskiy,47.5378,134.7525,-10.84,91,100,2.26,RU,1738810028
89,midvagur,62.0511,-7.1939,9.46,81,100,9.26,FO,1738810029
90,whitehorse,60.7161,-135.0538,-16.77,81,75,0.0,CA,1738809831
91,dzilam gonzalez,21.2833,-88.9333,23.85,74,0,3.36,MX,1738810031
92,kodiak,57.79,-152.4072,3.73,60,0,3.09,US,1738810032
93,revelstoke,50.9832,-118.2023,-10.99,62,100,3.09,CA,1738810034
94,bel ombre,-4.6167,55.4167,24.91,88,40,1.54,SC,1738810036
95,port saint john's,-31.6229,29.5448,21.21,89,100,0.47,ZA,1738810037
96,sorong,-0.8833,131.25,27.34,77,100,2.79,ID,1738809677
97,giado,31.9582,12.0203,9.35,74,6,1.99,LY,1738810039
98,laghouat,33.8,2.8651,7.89,71,76,2.89,DZ,1738810040
99,tiksi,71.6872,128.8694,-29.73,97,100,3.12,RU,1738810041
100,bikenibeu village,1.3673,173.1241,26.89,83,42,7.25,KI,1738810042
101,ust-nera,64.5667,143.2,-34.07,96,58,1.63,RU,1738809752
102,broome,42.2506,-75.833,-6.86,76,0,2.57,US,1738810044
103,okha,53.5739,142.9478,-2.53,87,100,11.91,RU,1738810046
104,holbaek,55.7167,11.7167,2.36,100,100,1.34,DK,1738810047
105,ribeira grande,38.5167,-28.7,17.65,94,61,7.15,PT,1738810048
106,puerto deseado,-47.7503,-65.8938,18.23,38,5,14.82,AR,1738810049
107,jamestown,42.097,-79.2353,-4.69,67,100,3.6,US,1738810050
108,san antonio de pale,-1.4014,5.6325,27.58,78,95,3.0,GQ,1738810051
109,flying fish cove,-10.4217,105.6791,27.82,83,100,6.17,CX,1738810052
110,chernyshevsk,52.5243,117.0174,-21.71,82,46,2.48,RU,1738810053
111,mil'kovo,55.6078,37.7956,0.19,65,100,2.07,RU,1738810055
112,utete,-7.986,38.758,22.82,96,100,0.62,TZ,1738810056
113,tura,25.5198,90.2201,22.48,44,0,1.87,IN,1738810058
114,aykol,38.1751,77.2132,-2.22,40,100,1.19,CN,1738810059
115,tomatlan,19.9333,-105.25,20.21,59,0,1.41,MX,1738809861
116,namtsy,62.7161,129.6658,-32.42,94,28,1.53,RU,1738810061
117,hamilton,39.1834,-84.5333,1.11,93,100,1.34,US,1738809924
118,utrik,11.2278,169.8474,26.32,78,18,9.04,MH,1738810063
119,st. john's,47.5649,-52.7093,-10.47,70,75,10.29,CA,1738809776
120,trincomalee,8.5711,81.2335,26.53,71,59,5.75,LK,1738810065
121,yatou,37.15,122.3833,0.26,28,5,5.44,CN,1738810066
122,inarajan village,13.2736,144.7484,30.55,80,78,7.05,GU,1738810070
123,raton,36.9034,-104.4391,7.34,19,0,3.6,US,1738810071
124,winnemucca,40.973,-117.7357,-0.97,59,0,0.0,US,1738809957
125,luderitz,-26.6481,15.1594,18.21,69,77,11.22,NA,1738810073
126,pakuranga,-36.8833,174.9167,24.81,53,61,6.69,NZ,1738810074
127,tazovsky,67.4667,78.7,-17.35,96,100,2.24,RU,1738810075
128,port mathurin,-19.6833,63.4167,27.24,78,9,3.5,MU,1738810076
129,weener,53.1667,7.35,3.31,96,100,1.85,DE,1738810078
130,katsuren-haebaru,26.3369,127.8719,16.72,51,100,2.57,JP,1738810079
131,olonkinbyen,70.9221,-8.7187,-0.17,82,100,16.15,SJ,1738810080
132,enewetak,11.3474,162.3373,26.96,74,92,7.39,MH,1738810081
133,atambua,-9.1061,124.8925,26.18,80,100,2.92,ID,1738810082
134,kijang,35.2442,129.2139,-2.15,38,3,4.97,KR,1738810083
135,sitka,57.0531,-135.33,1.94,64,20,2.57,US,1738810084
136,nova sintra,14.8667,-24.7167,22.37,67,29,9.43,CV,1738810085
137,vorgashor,67.5833,63.95,-14.42,98,100,3.83,RU,1738810086
138,del rio,29.3627,-100.8968,23.06,69,0,3.09,US,1738809859
139,nchelenge,-9.3451,28.734,20.76,90,100,1.24,ZM,1738810088
140,kingston,17.997,-76.7936,26.53,57,20,1.03,JM,1738809907
141,la jolla,32.8473,-117.2742,15.58,87,75,2.57,US,1738810092
142,hithadhoo,-0.6,73.0833,27.37,70,66,4.14,MV,1738810093
143,johi,26.6921,67.6133,13.73,21,0,2.5,PK,1738810094
144,rio preto da eva,-2.6994,-59.6997,22.9,98,55,0.11,BR,1738810095
145,thompson,55.7435,-97.8558,-15.91,72,75,3.6,CA,1738810096
146,barcelos,41.5388,-8.6151,6.86,72,100,2.02,PT,1738810097
147,mococa,-21.4678,-47.0047,20.04,93,100,1.43,BR,1738810098
148,alotau,-10.3069,150.4462,28.8,70,100,4.44,PG,1738810099
149,nakama,33.8167,130.7,2.86,55,100,1.79,JP,1738810101
150,west island,-12.1568,96.8225,28.99,79,100,5.66,CC,1738810102
151,port alfred,-33.5906,26.891,18.43,100,100,1.79,ZA,1738810103
152,hassi messaoud,31.6804,6.0729,9.73,67,0,4.55,DZ,1738810104
153,mount isa,-20.7333,139.5,30.87,70,75,3.09,AU,1738810061
154,andergrove,-21.0833,149.1833,24.02,95,100,4.86,AU,1738810106
155,nasipit,8.9692,125.2947,25.2,85,100,2.68,PH,1738810107
156,hualien city,23.9769,121.6044,19.07,77,96,2.58,TW,1738810108
157,ginir,7.1333,40.7,12.15,33,48,1.93,ET,1738810110
158,lakatoro,-16.0999,167.4164,29.49,69,100,5.71,VU,1738810112
159,khadan khak,30.7477,67.7085,1.82,27,0,1.98,PK,1738810113
160,punta del este,-34.9667,-54.95,20.06,100,100,13.38,UY,1738810114
161,seymour,38.9592,-85.8903,1.53,99,100,1.34,US,1738809776
162,badger,64.8,-147.5333,-9.05,90,100,0.0,US,1738810116
163,lagunas,-5.2269,-75.6753,23.0,97,65,1.29,PE,1738810117
164,kargasok,59.0556,80.8572,-23.3,100,100,1.41,RU,1738810118
165,fort st. john,56.2499,-120.8529,-20.06,84,100,4.63,CA,1738810119
166,bamusso,4.4591,8.9027,26.28,88,81,1.81,CM,1738810120
167,cabo san lucas,22.8909,-109.9124,17.03,71,0,3.77,MX,1738810121
168,greymouth,-42.4667,171.2,20.2,72,67,3.11,NZ,1738810062
169,keflavik,64.0049,-22.5624,4.24,75,75,13.38,IS,1738809911
170,nuku'alofa,-21.1333,-175.2,26.19,89,75,3.09,TO,1738810125
171,altay,47.8667,88.1167,-13.51,62,0,2.22,CN,1738810126
172,pemangkat,1.1667,108.9667,26.39,84,100,5.0,ID,1738810127
173,stanley,54.868,-1.6985,-0.99,100,0,2.06,GB,1738810128
174,haiku-pauwela,20.9219,-156.3051,22.34,81,75,7.15,US,1738810129
175,port douglas,-16.4833,145.4667,28.66,78,49,3.02,AU,1738810130
176,lebu,-37.6167,-73.65,15.06,89,39,5.86,CL,1738810098
177,shaowu,27.3409,117.4831,9.86,58,100,0.44,CN,1738810132
178,motueka,-41.1333,173.0167,21.72,70,98,4.09,NZ,1738810133
179,kalyazin,57.2403,37.8433,-1.1,98,51,1.85,RU,1738810134
180,praia da vitoria,38.7333,-27.0667,18.14,82,40,5.06,PT,1738810136
181,new norfolk,-42.7826,147.0587,24.4,31,98,1.0,AU,1738810137
182,harper,4.375,-7.7169,26.18,85,0,2.89,LR,1738810138
183,kailua-kona,19.6406,-155.9956,25.5,71,27,1.34,US,1738810139
184,port elizabeth,-33.918,25.5701,19.06,99,100,0.89,ZA,1738810116
185,port lincoln,-34.7333,135.8667,24.28,55,1,4.92,AU,1738809847
186,kuala terengganu,5.3302,103.1408,27.97,74,40,1.03,MY,1738810142
187,as sulayyil,20.4607,45.5779,13.71,14,20,2.63,SA,1738810143
188,tarinkot,32.6268,65.8733,2.31,44,4,2.21,AF,1738810144
189,rongelap,11.1635,166.8941,26.49,81,13,8.45,MH,1738809846
190,taghazout,30.5426,-9.7112,16.4,44,0,3.4,MA,1738810146
191,coquimbo,-29.9533,-71.3436,17.21,76,0,2.06,CL,1738809973
192,hermanus,-34.4187,19.2345,14.89,63,60,5.3,ZA,1738809909
193,champerico,14.3,-91.9167,27.21,72,66,2.7,GT,1738810151
194,bera,24.0833,89.6167,22.29,44,3,0.45,BD,1738810152
195,aguazul,5.1728,-72.5471,27.77,48,95,1.37,CO,1738810153
196,ak-dovurak,51.1833,90.6,-21.22,91,12,0.74,RU,1738810154
197,la quiaca,-22.1024,-65.593,12.62,46,31,2.2,AR,1738810155
198,darlowo,54.421,16.4107,3.86,90,100,3.68,PL,1738810156
199,romanovskaya,47.5426,42.0285,0.42,82,100,6.2,RU,1738810157
200,katsuura,35.1333,140.3,6.0,47,66,8.22,JP,1738810158
201,kameshkovo,56.3481,41.0047,-4.71,88,29,2.08,RU,1738810160
202,lihue,21.9789,-159.3672,22.77,73,100,3.6,US,1738810161
203,bolivar,37.6145,-93.4105,7.12,95,100,4.93,US,1738810162
204,poronaysk,49.2167,143.1167,0.0,81,95,6.38,RU,1738810163
205,laguna,38.421,-121.4238,9.98,61,0,2.57,US,1738810164
206,tidjikja,18.5564,-11.4271,15.23,17,0,6.11,MR,1738810165
207,constantia,44.1833,28.65,-4.61,65,6,6.11,RO,1738810166
208,natal,-5.795,-35.2094,24.12,94,75,3.09,BR,1738810167
209,inhambane,-23.865,35.3833,23.87,78,1,3.39,MZ,1738809951
210,yuzhno-kurilsk,44.0306,145.8556,0.01,67,80,2.44,RU,1738810169
211,ta`u,-14.2336,-169.5144,28.72,64,69,4.01,AS,1738810171
212,agapovka,53.2973,59.1348,-7.44,98,100,2.83,RU,1738810172
213,polyarnyy,69.1989,33.4478,-2.53,87,98,9.73,RU,1738810173
214,minas de marcona,-15.2119,-75.1103,18.91,77,100,4.05,PE,1738810174
215,pizarro,4.9533,-77.366,24.39,91,78,2.12,CO,1738810175
216,peace river,56.2501,-117.286,-17.83,84,100,3.6,CA,1738810176
217,zhangye,38.9342,100.4517,-7.98,41,1,1.16,CN,1738810177
218,thunder bay,48.4001,-89.3168,-10.01,73,100,2.57,CA,1738810178
219,khandyga,62.6667,135.6,-32.49,92,40,0.72,RU,1738810127
220,tual,-5.6667,132.75,27.48,82,100,10.12,ID,1738810050
221,alliance,40.9153,-81.1059,-0.75,68,100,4.41,US,1738810182
222,arar,30.9753,41.0381,8.01,66,0,8.23,SA,1738810183
223,cova figueira,14.8905,-24.2934,15.14,67,7,6.8,CV,1738810184
224,fort bragg,35.139,-79.006,8.75,73,100,4.63,US,1738810185
225,qurayyat,31.3318,37.3428,9.1,66,75,7.2,SA,1738810186
226,diego de almagro,-26.3667,-70.05,19.37,55,0,1.19,CL,1738810097
227,taroa,8.7058,171.2275,26.75,84,94,9.21,MH,1738810189
228,yazd,31.8972,54.3675,9.06,25,0,2.06,IR,1738810190
229,lamu,-2.2717,40.902,23.78,91,98,5.27,KE,1738810191
230,tsiombe,-25.3,45.4833,24.2,91,3,2.46,MG,1738810193
231,selfoss,63.9331,-20.9971,4.47,80,100,9.72,IS,1738810194
232,la ronge,55.1001,-105.2842,-19.86,71,40,3.09,CA,1738810195
233,crane,31.3974,-102.3501,20.96,57,0,9.02,US,1738810196
234,sao joao da barra,-21.6403,-41.0511,24.83,86,19,8.17,BR,1738810134
235,zheleznogorsk-ilimskiy,56.5768,104.1217,-26.55,92,98,2.06,RU,1738810198
236,carupano,10.6678,-63.2585,23.92,90,4,4.18,VE,1738810199
237,guerrero negro,27.9769,-114.0611,14.17,90,0,4.76,MX,1738810200
238,torghay,49.6339,63.4981,-11.49,91,12,7.41,KZ,1738810201
239,puerto aysen,-45.4,-72.7,9.86,94,100,3.58,CL,1738810202
240,kapa'a,22.0752,-159.319,23.18,86,100,3.6,US,1738810203
241,namie,37.4833,141.0,4.43,49,0,8.01,JP,1738810204
242,l'alcora,40.0667,-0.2,6.79,56,0,2.35,ES,1738810206
243,kashima-shi,35.9654,140.6447,7.72,25,19,6.11,JP,1738810207
244,portage la prairie,49.9728,-98.2926,-12.84,68,100,3.29,CA,1738810208
245,la'ie,21.6477,-157.9253,24.66,80,79,2.8,US,1738810209
246,nemuro,43.3236,145.575,-0.14,70,77,5.11,JP,1738810210
247,east london,-33.0153,27.9116,21.12,89,100,5.62,ZA,1738810211
248,mokhsogollokh,61.4681,128.9203,-32.3,93,65,1.1,RU,1738810212
249,el bauga,18.262,33.9081,19.16,20,0,7.6,SD,1738810213
250,ar ruseris,11.8659,34.3869,25.4,33,42,1.88,SD,1738810214
251,bengkulu,-3.8004,102.2655,28.52,65,34,2.3,ID,1738810215
252,margate,51.3813,1.3862,5.94,84,68,1.34,GB,1738810216
253,cabedelo,-6.9811,-34.8339,23.37,93,100,3.99,BR,1738810218
254,apaxtla de castrejon,18.15,-99.8667,20.53,49,0,1.23,MX,1738810219
255,dubovskoye,47.4092,42.7575,-0.22,89,100,5.35,RU,1738810220
256,njombe,-9.3333,34.7667,14.76,97,100,2.03,TZ,1738810221
257,antsiranana,-12.2787,49.2917,24.24,88,100,2.03,MG,1738810222
258,gadzhiyevo,69.2551,33.3362,-2.27,87,100,10.31,RU,1738810223
259,ain touta,35.3768,5.9,5.27,78,77,2.43,DZ,1738810224
260,hozat,39.1083,39.2213,-2.5,97,100,1.08,TR,1738810225
261,lycksele,64.5954,18.6735,-10.07,92,4,0.51,SE,1738810226
262,itoman,26.1247,127.6694,17.27,51,75,1.03,JP,1738810228
263,villa gonzalez ortega,22.5,-101.9167,17.01,26,0,1.3,MX,1738810229
264,faya-largeau,17.9257,19.1043,18.2,24,0,10.99,TD,1738810230
265,pisco,-13.7,-76.2167,23.03,78,75,2.57,PE,1738810231
266,malvan,16.0667,73.4667,24.51,45,28,2.37,IN,1738810232
267,veydelevka,50.1521,38.4492,-6.69,93,9,2.65,RU,1738810233
268,nouna,12.7333,-3.8667,22.21,20,26,3.82,BF,1738810234
269,dudinka,69.4058,86.1778,-21.47,99,87,3.26,RU,1738810235
270,kamina,-8.7386,24.9906,18.24,94,100,1.82,CD,1738810236
271,ziro,27.6333,93.8333,7.54,98,98,0.71,IN,1738810237
272,hammerfest,70.6634,23.6821,2.25,80,40,12.35,NO,1738810238
273,arteche,12.2645,125.4048,25.92,92,98,4.99,PH,1738810240
274,beau vallon,-20.4189,57.6953,26.13,89,20,1.54,MU,1738810242
275,papatowai,-46.5619,169.4708,14.77,56,100,3.51,NZ,1738810243
276,magadan,59.5667,150.8,-15.81,70,0,2.39,RU,1738810244
277,san luis de la loma,17.2706,-100.8939,23.98,78,4,2.01,MX,1738810245
278,daru,-9.0763,143.2092,26.6,81,100,4.35,PG,1738810246
279,fonte boa,-2.4959,-66.2662,22.32,99,99,0.63,BR,1738810247
280,al harithah,30.7186,47.7208,14.98,88,0,9.26,IQ,1738810248
281,al wajh,26.2455,36.4525,16.97,63,0,1.54,SA,1738810249
282,taltal,-25.4,-70.4833,19.16,86,51,0.12,CL,1738810098
283,gisborne,-38.6533,178.0042,18.18,68,79,4.89,NZ,1738810251
284,kudahuvadhoo,2.6708,72.8944,27.34,69,78,5.14,MV,1738810252
285,hoopeston,40.4673,-87.6684,1.11,81,100,5.04,US,1738810253
286,sungjibaegam,41.2428,128.7989,-21.18,80,88,5.6,KP,1738810254
287,palikir - national government center,6.9248,158.1611,31.41,62,20,5.66,FM,1738810255
288,vernon,50.2581,-119.2691,-10.6,50,37,0.89,CA,1738809968
289,kununurra,-15.7667,128.7333,33.99,62,91,5.14,AU,1738810258
290,georgetown,5.4112,100.3354,27.97,65,20,3.13,MY,1738810259
291,lishu,43.3047,124.3278,-14.53,77,88,3.29,CN,1738810260
292,saldanha,-33.0117,17.9442,16.98,71,14,9.2,ZA,1738810261
293,taoudenni,22.6783,-3.9836,14.29,23,0,5.92,ML,1738810262
294,east aurora,42.7678,-78.6134,-7.93,80,100,0.45,US,1738810263
295,lagos,6.5833,3.75,25.72,89,78,1.24,NG,1738810201
296,alquizar,22.8058,-82.5842,22.27,79,0,4.11,CU,1738810265
297,olyokminsk,60.3736,120.4264,-33.54,95,84,0.32,RU,1738810266
298,san patricio,28.017,-97.5169,21.97,83,0,5.97,US,1738810267
299,kosti,13.1629,32.6635,22.71,24,14,6.41,SD,1738810268
300,anadyr,64.75,177.4833,-37.72,65,28,4.0,RU,1738810269
301,alice springs,-23.7,133.8833,36.75,22,78,8.23,AU,1738810271
302,quellon,-43.1167,-73.6167,12.86,90,100,4.69,CL,1738810272
303,peruibe,-24.32,-46.9983,23.21,92,100,1.6,BR,1738810273
304,marechal candido rondon,-24.5561,-54.0567,21.75,94,97,3.05,BR,1738810249
305,salalah,17.0151,54.0924,20.05,73,75,1.54,OM,1738810275
306,puerto armuelles,8.2833,-82.8667,26.72,69,97,1.34,PA,1738810034
307,ibresi,55.2961,47.0394,-8.66,95,100,2.53,RU,1738810277
308,frontera,26.9333,-101.45,24.07,58,0,0.45,MX,1738810278
309,karratha,-20.7377,116.8463,36.46,44,39,6.62,AU,1738810279
310,plastun,44.7561,136.2939,-9.0,44,99,6.71,RU,1738810280
311,myanaung,18.2833,95.3167,24.86,48,2,1.26,MM,1738810281
312,severobaykal'sk,55.65,109.3167,-26.54,71,76,0.72,RU,1738810282
313,xichang,27.8964,102.2634,10.41,60,72,1.37,CN,1738810283
314,aparecida do taboado,-20.0867,-51.0936,21.75,90,100,2.42,BR,1738810284
315,vinchia,22.2,71.3667,15.67,28,0,4.86,IN,1738810286
316,saipan,15.1355,145.701,32.39,70,40,7.72,MP,1738810287
317,salanso,12.1833,-4.0833,23.02,18,25,3.97,BF,1738810288
318,mount gambier,-37.8333,140.7667,30.27,26,1,2.02,AU,1738810289
319,sucre,-19.0333,-65.2627,15.31,59,7,1.76,BO,1738810290
320,berezovyy,51.6667,135.7,-11.45,92,100,6.08,RU,1738810291
321,banda aceh,5.5577,95.3222,28.2,72,21,6.19,ID,1738810292
322,kourou,5.1552,-52.6478,24.05,95,100,3.1,GF,1738810293
323,chos malal,-37.3781,-70.2709,18.17,27,0,3.11,AR,1738810294
324,labasa,-16.4167,179.3833,28.39,73,100,3.54,FJ,1738810295
325,okhotsk,59.3833,143.3,-16.68,67,53,6.15,RU,1738810296
326,puerto baquerizo moreno,-0.9,-89.6,24.29,87,13,2.98,EC,1738810298
327,babayevo,59.3936,35.9371,-4.14,93,100,1.54,RU,1738810299
328,uturoa,-16.7333,-151.4333,27.86,74,22,4.96,PF,1738810300
329,mahavelona,-17.6848,49.5087,24.45,90,100,1.77,MG,1738810301
330,ciudad constitucion,25.0369,-111.6644,14.43,80,0,4.48,MX,1738810302
331,kalianget,-7.05,113.9333,28.48,79,86,7.49,ID,1738810303
332,ambodifotatra,-16.9833,49.85,26.74,76,98,2.62,MG,1738810304
333,ujae,8.9322,165.7642,27.2,81,34,9.44,MH,1738810305
334,aswan,24.0934,32.907,12.61,62,0,1.54,EG,1738810307
335,eenhana,-17.4667,16.3333,19.93,90,100,0.44,NA,1738810225
336,kidal,18.4411,1.4078,22.36,33,89,3.5,ML,1738810309
337,rock springs,41.5875,-109.2029,1.69,66,40,7.2,US,1738810310
338,alofi,-19.0595,-169.9187,27.94,83,75,4.12,NU,1738810311
339,vega de alatorre,20.0333,-96.6333,22.49,88,0,2.92,MX,1738810313
340,hallsberg,59.0657,15.1117,-0.73,99,2,1.03,SE,1738810314
341,thannhausen,48.2833,10.4667,1.0,72,48,1.84,DE,1738810315
342,krasnovishersk,60.4078,57.082,-12.49,94,98,1.43,RU,1738810316
343,aberdeen,57.1437,-2.0981,-0.26,93,4,2.06,GB,1738810305
344,huicungo,-7.2833,-76.8,21.23,94,97,1.01,PE,1738810318
345,walvis bay,-22.9575,14.5053,18.58,82,100,4.52,NA,1738810320
346,saint-francois,46.4154,3.9054,3.69,100,100,0.0,FR,1738810321
347,kabalo,-6.05,26.9167,21.31,97,100,0.07,CD,1738810322
348,yatagan,37.3403,28.1428,-0.77,64,4,5.41,TR,1738810323
349,larkird,35.4894,66.6641,-12.75,58,10,4.59,AF,1738810324
350,pangai,-19.8,-174.35,27.06,83,75,2.57,TO,1738810326
351,armacao de buzios,-22.7469,-41.8817,24.09,88,0,8.02,BR,1738810327
352,eraan,9.0629,117.7016,30.11,63,49,3.28,PH,1738810328
353,rouyn-noranda,48.2398,-79.0288,-16.95,78,20,2.06,CA,1738810054
354,callao,-12.0667,-77.15,25.4,83,0,4.12,PE,1738810151
355,colonia,50.9333,6.95,3.36,90,100,1.03,DE,1738810332
356,santa luzia,-19.7697,-43.8514,23.5,68,0,1.03,BR,1738810334
357,whistler,50.1164,-122.9695,-13.22,90,29,1.47,CA,1738810291
358,vadso,70.0744,29.7487,-3.91,86,75,3.6,NO,1738810336
359,uribia,11.7139,-72.266,25.88,73,100,5.44,CO,1738810140
360,romankivtsi,48.4847,27.2138,-3.97,72,89,2.95,UA,1738810338
361,puerto lempira,15.2667,-83.7667,24.44,85,1,4.11,HN,1738810339
362,jianguang,28.1938,115.7836,9.9,50,100,4.41,CN,1738810342
363,gaiman,-43.2897,-65.4929,23.11,30,69,6.19,AR,1738810343
364,timmins,48.4669,-81.3331,-13.1,66,75,2.57,CA,1738810344
365,murzuq,25.9155,13.9184,13.82,37,91,4.38,LY,1738810345
366,peniche,39.3558,-9.3811,8.03,89,96,2.12,PT,1738810346
367,vila franca do campo,37.7167,-25.4333,18.27,99,11,2.03,PT,1738810347
368,zhanaozen,43.3,52.8,0.18,62,82,5.7,KZ,1738810348
369,sayula de aleman,17.8667,-94.95,20.98,90,8,1.82,MX,1738810349
370,nyurba,63.2842,118.3319,-36.88,96,77,2.76,RU,1738810350
371,le port,-20.9373,55.2919,26.98,76,83,3.5,RE,1738810351
372,laboe,54.4,10.2167,3.11,93,100,3.09,DE,1738810353
373,northam,51.0333,-4.2167,1.56,95,0,0.89,GB,1738810354
374,breckenridge,32.7557,-98.9023,23.11,64,0,6.17,US,1738810355
375,ulladulla,-35.35,150.4667,25.27,68,3,5.04,AU,1738810356
376,greenville,35.6127,-77.3663,5.63,94,100,2.57,US,1738810199
377,talnakh,69.4865,88.3972,-25.05,100,99,3.23,RU,1738810358
378,al ghayzah,16.2079,52.176,17.4,76,32,1.34,YE,1738810359
379,misratah,32.3754,15.0925,14.12,78,6,2.66,LY,1738810360
380,xuddur,4.1213,43.8894,20.24,83,99,5.61,SO,1738810361
381,urangan,-25.3,152.9,25.47,76,100,6.67,AU,1738810362
382,olinda,-8.0089,-34.8553,22.85,100,100,2.06,BR,1738810363
383,fisterra,42.9049,-9.2629,12.13,74,100,3.14,ES,1738810364
384,filingue,14.3521,3.3168,21.66,16,10,3.08,NE,1738810365
385,saudarkrokur,65.7461,-19.6394,2.66,74,96,19.45,IS,1738810366
386,kenai,60.5544,-151.2583,-6.03,91,0,0.0,US,1738810368
387,guiuan,11.0333,125.7247,27.16,84,100,7.87,PH,1738810369
388,turpan,42.9333,89.1667,0.57,39,1,0.89,CN,1738810370
389,santa elena de uairen,4.6167,-61.1333,20.41,80,100,1.51,VE,1738810371
390,cheongsong gun,36.4335,129.057,-5.21,34,0,6.71,KR,1738810372
391,atafu village,-8.5421,-172.5159,28.88,71,9,7.69,TK,1738810373
392,weno,7.4515,151.8468,25.97,94,100,4.63,FM,1738810374
393,manokwari,-0.8667,134.0833,28.56,70,99,2.8,ID,1738810375
394,lakhnadon,22.6,79.6,16.5,30,0,5.36,IN,1738810376
395,mejit,10.2753,170.8646,26.52,83,92,9.39,MH,1738810377
396,kittila,67.6647,24.8936,-7.92,86,0,1.03,FI,1738810380
397,tinogasta,-28.0632,-67.5649,27.0,51,77,2.69,AR,1738810377
398,ribeira brava,32.65,-17.0667,17.35,76,28,2.11,PT,1738810183
399,shingu,33.7333,135.9833,5.34,41,41,6.56,JP,1738810383
400,valdivia,-39.8142,-73.2459,16.05,99,5,0.79,CL,1738810227
401,nouadhibou,20.931,-17.0347,16.97,71,0,9.06,MR,1738810385
402,batang,-6.4846,110.7083,27.26,86,80,7.9,ID,1738810386
403,sierra grande,-41.606,-65.3557,24.14,25,41,8.19,AR,1738810156
404,melfort,52.8667,-104.6177,-18.93,84,100,3.6,CA,1738810388
405,xique xique,-10.8217,-42.7311,26.0,48,31,3.79,BR,1738810389
406,nantucket,41.2835,-70.0995,-4.36,68,0,1.93,US,1738810390
407,sosnovka,56.255,51.2842,-12.73,94,68,1.78,RU,1738810391
408,cadereyta,25.5833,-99.9833,22.65,64,9,3.06,MX,1738810392
409,cooma,-36.2333,149.1333,30.67,26,0,2.78,AU,1738810393
410,russkaya polyana,49.417,31.9201,-1.97,84,100,3.87,UA,1738810395
411,victoria falls,-17.9235,25.843,19.94,74,100,1.67,ZW,1738810396
412,mandalgovi,45.7625,106.2708,-26.38,65,2,9.76,MN,1738810397
413,sayat,38.7839,63.8803,5.97,53,62,4.73,TM,1738810398
414,tilcara,-23.5776,-65.3509,11.22,63,80,1.99,AR,1738810399
415,sao gabriel da cachoeira,-0.1303,-67.0892,22.42,99,100,1.14,BR,1738810400
416,teofilo otoni,-17.8575,-41.5053,18.98,97,26,1.55,BR,1738810173
417,nema,57.5067,50.5011,-15.49,97,92,1.66,RU,1738810402
418,howard springs,-12.497,131.047,31.6,84,98,5.4,AU,1738810403
419,ulanhot,46.0833,122.0833,-16.55,70,100,2.48,CN,1738810404
420,borujen,31.9652,51.2873,-0.16,68,7,6.92,IR,1738810406
421,port hedland,-20.3167,118.5667,38.03,47,2,6.17,AU,1738810407
422,general acha,-37.377,-64.6043,21.16,73,0,6.51,AR,1738810408
423,antonio enes,-16.2325,39.9086,23.87,87,100,3.57,MZ,1738810409
424,jieshi,22.8134,115.8257,15.91,61,98,7.86,CN,1738810410
425,pathein,16.7833,94.7333,28.58,46,4,4.7,MM,1738810411
426,rio grande,-32.035,-52.0986,25.01,94,22,5.36,BR,1738810220
427,dalandzadgad,43.5708,104.425,-21.57,63,100,7.97,MN,1738810413
428,uzgen,40.7699,73.3007,-5.29,70,70,2.83,KG,1738810334
429,pitkyaranta,61.5734,31.4792,-2.5,97,100,4.24,RU,1738810416
430,tolanaro,-25.0319,46.9987,26.04,94,20,4.12,MG,1738810417
431,coahuayana de hidalgo,18.7,-103.6583,22.17,93,0,1.47,MX,1738810143
432,broken hill,-31.95,141.4333,36.69,24,0,5.31,AU,1738810419
433,kone,-21.0595,164.8658,31.58,61,99,3.97,NC,1738810420
434,yugorsk,61.3133,63.3319,-11.8,96,100,2.41,RU,1738810421
435,ar rutbah,33.0381,40.2848,7.49,69,57,10.0,IQ,1738810422
436,malango,-2.9627,119.9001,27.68,59,100,2.04,ID,1738810423
437,hasaki,35.7333,140.8333,6.2,27,0,6.76,JP,1738810424
438,forbes,-33.3833,148.0167,31.86,26,0,0.62,AU,1738810425
439,melendugno,40.2747,18.3368,7.25,100,0,3.09,IT,1738810426
440,kerikeri,-35.2268,173.9474,22.92,50,60,3.71,NZ,1738810428
441,aljezur,37.3191,-8.8033,9.79,67,2,2.6,PT,1738810429
442,saint-joseph,-21.3667,55.6167,26.21,80,48,1.2,RE,1738810431
443,kyren,51.6828,102.1408,-19.55,93,100,0.66,RU,1738810432
444,chibougamau,49.9168,-74.3659,-16.21,72,100,5.66,CA,1738810163
445,aral,40.5156,81.2636,-3.79,58,100,0.93,CN,1738810434
446,wangaratta,-36.3667,146.3333,35.82,36,2,4.53,AU,1738810435
447,hastings,50.8552,0.5729,3.77,89,100,6.43,GB,1738810436
448,qinnan,33.2531,119.9133,3.4,17,100,2.83,CN,1738810437
449,bouar,5.934,15.596,19.67,19,96,2.48,CF,1738810438
450,passos,-20.7189,-46.6097,18.81,93,100,0.67,BR,1738810440
451,klyuchi,52.2667,79.1667,-16.58,82,0,5.04,RU,1738810441
452,fereydunshahr,32.941,50.121,-6.12,66,52,3.0,IR,1738810442
453,conde,-7.2597,-34.9075,22.7,100,100,4.12,BR,1738810371
454,fale old settlement,-9.3852,-171.2468,28.5,74,49,6.56,TK,1738810444
455,bremervorde,53.4833,9.1333,2.77,96,100,1.81,DE,1738810445
456,aasiaat,68.7098,-52.8699,-31.72,99,79,1.5,GL,1738810446
457,raduzhny,62.0961,77.475,-17.26,99,98,1.85,RU,1738810447
458,springs,-26.25,28.4,18.7,54,62,3.18,ZA,1738810449
459,siwa oasis,29.2041,25.5195,12.22,61,100,3.81,EG,1738810450
460,touros,-5.1989,-35.4608,25.5,84,100,4.33,BR,1738810451
461,ghadamis,30.1337,9.5007,9.47,41,6,4.69,LY,1738810452
462,vil'ne,47.6365,34.8139,-2.09,82,21,3.78,UA,1738810454
463,kayyerkan,69.3786,87.7439,-23.22,98,96,2.91,RU,1738810455
464,nguigmi,14.2495,13.1092,18.16,22,0,5.77,NE,1738810456
465,waspan,14.7419,-83.9717,21.83,97,3,1.48,NI,1738810458
466,los frentones,-26.4077,-61.4137,30.64,35,36,2.3,AR,1738810459
467,bogdanovich,56.7803,62.0494,-16.17,100,100,1.74,RU,1738810461
468,teluk nibung,3.001,99.8164,28.84,63,59,0.28,ID,1738810462
469,kaffrine,14.1059,-15.5508,19.42,13,0,4.85,SN,1738810463
470,castillos,-34.1667,-53.8333,20.19,93,95,2.82,UY,1738810464
471,bubaque,11.2833,-15.8333,24.89,53,6,4.54,GW,1738810465
472,makakilo city,21.3469,-158.0858,25.18,62,40,5.66,US,1738810407
473,miandrivazo,-19.5167,45.4667,24.42,87,100,2.7,MG,1738810467
474,asau,46.4333,26.4,-4.64,97,100,1.15,RO,1738810468
475,kumru,40.8744,37.2639,-1.21,95,100,4.69,TR,1738810470
476,alaior,39.9303,4.1404,11.66,81,40,3.09,ES,1738810471
477,huarmey,-10.0681,-78.1522,22.79,78,100,2.63,PE,1738810472
478,szentlorinc,46.0402,17.9872,-1.51,71,0,2.01,HU,1738810473
479,dakhla,23.6848,-15.958,16.22,88,0,8.7,EH,1738810474
480,san zenon,9.2422,-74.5004,28.6,57,100,2.38,CO,1738810475
481,santiago de cao,-7.9589,-79.2392,20.07,94,75,2.57,PE,1738810476
482,fuglafjordur,62.244,-6.814,8.0,78,100,17.51,FO,1738810477
483,cabinda,-5.55,12.2,26.44,87,100,2.72,AO,1738810478
484,nuuk,64.1835,-51.7216,-12.66,66,75,1.03,GL,1738810479
485,acarau,-2.8856,-40.12,25.24,87,98,3.22,BR,1738810480
486,calama,-22.4667,-68.9333,16.27,39,75,4.12,CL,1738810482
487,tutoia,-2.7619,-42.2744,24.56,90,100,1.56,BR,1738810483
488,marine corps base hawaii - mcbh,21.4453,-157.7513,25.56,85,75,2.06,US,1738810484
489,la tijera,19.9,-104.4,15.36,46,1,1.51,MX,1738810485
490,mbanza kongo,-6.267,14.2401,21.57,99,100,0.82,AO,1738810486
491,salinopolis,-0.6136,-47.3561,26.35,84,100,4.32,BR,1738810487
492,oued fodda,36.185,1.533,7.81,93,20,1.54,DZ,1738810488
493,holualoa,19.6228,-155.9522,24.91,69,20,4.12,US,1738810489
494,mana,5.6592,-53.7767,24.59,91,100,3.8,GF,1738810490
495,mutuali,-14.8706,37.0044,19.37,95,93,0.92,MZ,1738810491
496,papao,-17.75,-149.55,28.82,76,97,5.73,PF,1738810492
497,san pedro,14.35,121.0167,29.06,72,75,2.24,PH,1738810494
498,gillette,44.2911,-105.5022,-15.59,83,40,3.09,US,1738810495
499,sidi khaled,34.387,4.9879,11.17,64,93,0.78,DZ,1738810496
500,lenggries,47.6833,11.5667,-3.45,82,4,0.77,DE,1738810388
501,labrador city,52.9463,-66.9114,-21.05,71,75,7.2,CA,1738810498
502,yelwa,8.8333,9.6333,23.81,11,11,2.85,NG,1738810499
503,keetmanshoop,-26.5833,18.1333,22.84,60,99,0.36,NA,1738810500
504,vorkuta,67.5,64.0,-14.3,98,100,3.66,RU,1738810502
505,belyy yar,53.6039,91.3903,-13.06,92,98,2.0,RU,1738810503
506,corner brook,48.9667,-57.9484,-11.61,92,99,4.74,CA,1738810504
507,toba,34.4833,136.85,5.0,42,6,10.82,JP,1738810505
508,boda,4.3189,17.4695,23.16,27,82,1.48,CF,1738810506
509,prince rupert,54.3161,-130.3201,1.83,48,0,4.12,CA,1738810507
510,lautoka,-17.6167,177.4667,29.92,74,75,6.69,FJ,1738810508
511,kampong thom,12.7111,104.8887,28.1,43,92,2.82,KH,1738810509
512,porto velho,-8.7619,-63.9039,25.03,88,40,0.0,BR,1738810270
513,kapuskasing,49.4169,-82.4331,-10.0,67,75,4.12,CA,1738810442
514,yanam,16.7333,82.2167,26.57,55,6,0.84,IN,1738810514
515,cole harbour,44.6724,-63.4751,-12.25,74,93,4.47,CA,1738810515
516,val-d'or,48.1002,-77.7828,-15.95,72,0,3.09,CA,1738810417
517,pingliang,35.5392,106.6861,-0.69,27,100,3.01,CN,1738810404
518,mar del plata,-38.0023,-57.5575,21.16,83,40,4.63,AR,1738809674
519,matanzas,23.0411,-81.5775,22.42,88,0,3.6,CU,1738810521
520,roccella ionica,38.322,16.4009,9.33,72,0,1.59,IT,1738810522
521,soe,-9.8607,124.284,24.44,76,99,4.31,ID,1738810524
522,luanda,-8.8368,13.2343,25.93,81,99,3.05,AO,1738810525
523,tanjungtiram,4.0613,98.3699,28.94,56,46,0.24,ID,1738810526
524,pacific grove,36.6177,-121.9166,10.24,88,0,0.89,US,1738810527
525,forster,-32.1667,152.5167,27.99,73,14,4.98,AU,1738810528
526,altai,46.3722,96.2583,-20.1,84,4,2.15,MN,1738810529
527,talara,-4.5772,-81.2719,24.42,78,40,5.14,PE,1738810530
528,novodvinsk,64.4165,40.8122,-6.14,85,100,4.92,RU,1738810531
529,moraleja,40.0162,-6.6977,3.14,75,2,0.85,ES,1738810532
530,buala,-8.145,159.5921,30.01,68,100,1.23,SB,1738810533
531,ringkobing,56.0901,8.244,2.99,100,38,2.57,DK,1738810535
532,hirara,24.8,125.2833,18.15,48,75,6.17,JP,1738810536
533,betare oya,5.6,14.0833,21.26,23,87,1.7,CM,1738810537
534,kuta,-8.7233,115.1723,30.97,70,20,1.54,ID,1738810539
535,revda,56.801,59.9303,-9.15,97,100,2.78,RU,1738810540
536,krasnohrad,49.3814,35.4402,-3.69,91,11,3.0,UA,1738810541
537,san pedro pochutla,15.7333,-96.4667,26.51,70,0,1.32,MX,1738810542
538,zhangzhou,24.5133,117.6556,13.61,53,100,1.07,CN,1738810544
539,mata-utu,-13.2816,-176.1745,29.05,62,60,3.19,WF,1738810545
540,xining,36.6167,101.7667,-8.19,52,100,0.64,CN,1738810546
541,hadibu,12.65,54.0333,21.7,72,11,3.89,YE,1738810547
542,evergreen,39.6333,-105.3172,8.07,36,0,2.68,US,1738810548
543,yarega,63.4354,53.5765,-18.31,99,56,1.57,RU,1738810549
544,kloulklubed,7.0419,134.2556,27.69,82,99,9.05,PW,1738810550
545,dvurechensk,56.5982,61.0953,-9.79,96,100,2.26,RU,1738810551
546,tripoli,32.8752,13.1875,13.08,59,3,3.76,LY,1738810552
547,geraldton,-28.7667,114.6,28.23,65,75,5.66,AU,1738810553
548,antsohihy,-14.8796,47.9875,21.82,96,97,0.98,MG,1738810555
549,ajdabiya,30.7554,20.2263,12.74,67,100,4.22,LY,1738810556
550,djibo,14.1022,-1.6306,21.87,20,95,5.8,BF,1738810557
551,suicheng,33.8963,117.9331,5.08,21,100,4.98,CN,1738810409
552,kangiwa,12.5521,3.8187,21.97,10,4,4.6,NG,1738810559
553,zouerate,22.7187,-12.4521,14.74,20,0,3.22,MR,1738810560
554,abocho,7.5677,6.9863,22.86,81,15,1.68,NG,1738810561
555,reggane,26.7158,0.1714,12.47,33,0,6.61,DZ,1738810562
556,rehoboth,-23.3167,17.0833,21.03,74,100,3.35,NA,1738810516
557,ilomantsi,62.6716,30.9328,-3.7,95,100,3.17,FI,1738810564
558,ancud,-41.8697,-73.8203,13.43,89,77,4.2,CL,1738810565
559,qazvin,36.2797,50.0049,4.79,42,75,2.06,IR,1738810567
560,pinheiral,-22.5128,-44.0006,21.84,87,100,0.74,BR,1738810568
561,oral,51.2333,51.3667,-10.01,79,0,7.0,KZ,1738810569
562,lerwick,60.1545,-1.1494,7.34,86,84,11.07,GB,1738810570
563,leiyang,26.4024,112.8591,8.99,75,100,2.52,CN,1738810571
564,waterloo,43.4668,-80.5164,-7.62,88,75,3.09,CA,1738810573
565,port shepstone,-30.7414,30.455,22.91,87,100,4.49,ZA,1738810575
566,lensk,60.7253,114.9278,-31.51,92,27,1.36,RU,1738810576
567,tieli,46.95,128.05,-20.94,92,100,2.4,CN,1738810577
568,hudson,40.7168,-74.0663,0.66,49,0,2.57,US,1738810249
569,valle de la pascua,9.2155,-66.0073,23.77,74,25,3.84,VE,1738810579
570,mcminnville,45.2101,-123.1987,2.82,83,75,4.12,US,1738810580
571,ashburton,-37.8626,145.0794,36.76,37,4,4.9,AU,1738810581
572,jabor,5.921,169.6434,27.05,84,58,9.79,MH,1738810582
573,oyama,36.3,139.8,6.11,18,40,5.42,JP,1738810583
574,carnarvon,-24.8667,113.6333,30.65,55,2,5.21,AU,1738810584
575,serenje,-13.2325,30.2352,17.25,99,100,1.34,ZM,1738810585
576,kaga bandoro,6.9896,19.1874,25.81,23,100,1.34,CF,1738810586
577,murray bridge,-35.1167,139.2667,35.63,21,0,1.07,AU,1738810588
578,emerald,-23.5333,148.1667,21.06,91,100,5.47,AU,1738810589
579,zavoronezhskoye,52.8801,40.5526,-3.6,96,95,2.06,RU,1738810590
580,cidreira,-30.1811,-50.2056,24.55,95,6,3.15,BR,1738810591
581,piestany,48.5948,17.8259,3.0,86,75,3.6,SK,1738810592
582,acapulco de juarez,16.8634,-99.8901,23.08,75,0,3.27,MX,1738810504
583,tazacorte,28.629,-17.9293,17.54,74,75,5.66,ES,1738810594
